{"cameraMode":{"drawMode":0,"name":"Shaded","section":"Shading Mode"},"sceneLighting":true,"audioPlay":false,"sceneViewState":{"m_AlwaysRefresh":false,"showFog":true,"showSkybox":true,"showFlares":true,"showImageEffects":true,"showParticleSystems":true,"showVisualEffectGraphs":true,"m_FxEnabled":true},"in2DMode":false,"pivot":{"x":58.03700256347656,"y":9.869998931884766,"z":-150.38999938964845},"rotation":{"x":0.37944862246513369,"y":-0.05767526105046272,"z":0.02370777539908886,"w":0.9231094121932983},"size":12.124356269836426,"orthographic":false}