{"cameraMode":{"drawMode":0,"name":"Shaded","section":"Shading Mode"},"sceneLighting":true,"audioPlay":false,"sceneViewState":{"m_AlwaysRefresh":false,"showFog":true,"showSkybox":false,"showFlares":true,"showImageEffects":true,"showParticleSystems":true,"showVisualEffectGraphs":true,"m_FxEnabled":true},"in2DMode":false,"pivot":{"x":-178.86744689941407,"y":-126.62382507324219,"z":-105.20149230957031},"rotation":{"x":0.12473074346780777,"y":0.8655555248260498,"z":-0.40537405014038088,"w":0.26632583141326907},"size":985.2808837890625,"orthographic":false}