{"cameraMode":{"drawMode":0,"name":"Shaded","section":"Shading Mode"},"sceneLighting":true,"audioPlay":false,"sceneViewState":{"m_AlwaysRefresh":false,"showFog":true,"showSkybox":false,"showFlares":true,"showImageEffects":true,"showParticleSystems":true,"showVisualEffectGraphs":true,"m_FxEnabled":true},"in2DMode":false,"pivot":{"x":-0.04605526104569435,"y":-0.08482732623815537,"z":1.1817619800567628},"rotation":{"x":0.12473074346780777,"y":0.8655555248260498,"z":-0.40537405014038088,"w":0.26632583141326907},"size":4.205344200134277,"orthographic":false}