{"cameraMode":{"drawMode":0,"name":"Shaded","section":"Shading Mode"},"sceneLighting":true,"audioPlay":false,"sceneViewState":{"m_AlwaysRefresh":false,"showFog":true,"showSkybox":true,"showFlares":true,"showImageEffects":true,"showParticleSystems":true,"showVisualEffectGraphs":true,"m_FxEnabled":true},"in2DMode":false,"pivot":{"x":56.155311584472659,"y":6.5904669761657719,"z":-148.904052734375},"rotation":{"x":0.028886059299111368,"y":0.9380135536193848,"z":-0.3358362317085266,"w":0.08068034797906876},"size":4.123745918273926,"orthographic":false}